bus,fecha
K1401,2026-06-02
K1402,2026-06-02
K1403,2026-06-02
K1404,2026-06-02
K1405,2026-06-02
K1406,2026-06-02
K1408,2026-06-02
K1411,2026-06-02
K1421,2026-06-02
K1433,2026-06-02
K1442,2026-06-02
K1505,2026-06-02
K1529,2026-06-02
K1538,2026-06-02
K1415,2026-06-05
K1409,2026-06-05
K1412,2026-06-05
K1413,2026-06-05
K1414,2026-06-05
K1418,2026-06-05
K1427,2026-06-05
K1437,2026-06-05
K1454,2026-06-05
K1460,2026-06-05
K1471,2026-06-05
K1508,2026-06-05
K1543,2026-06-05
K1550,2026-06-05
K1551,2026-06-05
K1556,2026-06-05
K1599,2026-06-05
K1606,2026-06-05
K1633,2026-06-05
K1650,2026-06-05
K1654,2026-06-05
K1562,2026-06-05
K1462,2026-06-06
K1465,2026-06-06
K1504,2026-06-06
K1532,2026-06-06
K1557,2026-06-06
K1587,2026-06-06
K1591,2026-06-06
K1419,2026-06-11
K1420,2026-06-11
K1424,2026-06-11
K1425,2026-06-11
K1429,2026-06-11
K1435,2026-06-11
K1440,2026-06-11
K1445,2026-06-11
K1469,2026-06-11
K1473,2026-06-11
K1475,2026-06-11
K1489,2026-06-11
K1491,2026-06-11
K1495,2026-06-11
K1500,2026-06-11
K1538,2026-06-11
K1592,2026-06-11
K1612,2026-06-11
K1629,2026-06-11
K1648,2026-06-11
K1652,2026-06-11
K1432,2026-06-12
K1464,2026-06-12
K1468,2026-06-12
K1461,2026-06-12
K1483,2026-06-12
K1535,2026-06-12
K1578,2026-06-12
K1583,2026-06-12
K1585,2026-06-12
K1640,2026-06-12
K1656,2026-06-12
K1407,2026-06-18
K1410,2026-06-10
K1417,2026-06-20
K1422,2026-06-18
K1423,2026-06-18
K1426,2026-06-15
K1428,2026-06-18
K1430,2026-06-20
K1431,2026-06-18
K1434,2026-06-20
K1438,2026-06-18
K1439,2026-06-12
K1441,2026-06-12
K1452,2026-06-12
K1463,2026-06-17
K1474,2026-06-12
K1482,2026-06-17
K1487,2026-06-12
K1488,2026-06-22
K1490,2026-06-22
K1492,2026-06-12
K1498,2026-06-22
K1502,2026-06-22
K1509,2026-06-16
K1511,2026-06-22
K1515,2026-06-12
K1520,2026-06-12
K1527,2026-06-16
K1530,2026-06-13
K1533,2026-06-13
K1536,2026-06-17
K1544,2026-06-17
K1546,2026-06-13
K1558,2026-06-14
K1564,2026-06-18
K1567,2026-06-15
K1569,2026-06-16
K1577,2026-06-22
K1582,2026-06-22
K1584,2026-06-22
K1604,2026-06-15
K1607,2026-06-17
K1611,2026-06-22
K1616,2026-06-15
K1619,2026-06-19
K1623,2026-06-12
K1625,2026-06-19
K1626,2026-06-19
K1627,2026-06-12
K1628,2026-06-19
K1630,2026-06-19
K1631,2026-06-19
K1634,2026-06-17
K1638,2026-06-18
K1646,2026-06-22
K1647,2026-06-15
K1649,2026-06-16
K1657,2026-06-19
K1416,2026-06-24
K1436,2026-06-24
K1444,2026-06-24
K1446,2026-06-24
K1447,2026-06-24
K1448,2026-06-24
K1449,2026-06-24
K1450,2026-06-24
K1453,2026-06-24
K1455,2026-06-24
K1456,2026-06-24
K1458,2026-06-24
K1459,2026-06-24
K1466,2026-06-24
K1467,2026-06-24
